IngredientID,Name,A,B,C,D,E,(Base) Price,Taste,Touch,Smell,Sight,Sound,Type,Rarity,Location,magimin summary,Total Magimin,Magimin Balance,Magimin Ratio,Any,1,2,3,4,5,6,7,8,9,10,11,12,13,14,15,16,17,18,19,20
1,Abominable Tarantula,0,0,0,0,66,105,0,0,0,-5,5,Bug,Uncommon,Arctic,0:0:0:0:66,66,0:0:0:0:1,0.629,TRUE,FALSE,FALSE,TRUE,FALSE,TRUE,FALSE,FALSE,FALSE,TRUE,TRUE,FALSE,FALSE,TRUE,TRUE,TRUE,FALSE,FALSE,TRUE,TRUE,TRUE
2,Abyssalite,30,20,0,0,10,79,0,0,0,0,0,Mineral,Uncommon,Ocean Coasts,30:20:0:0:10,60,3:2:0:0:1,0.759,TRUE,FALSE,FALSE,FALSE,FALSE,FALSE,FALSE,FALSE,FALSE,FALSE,FALSE,FALSE,FALSE,TRUE,FALSE,FALSE,FALSE,FALSE,FALSE,FALSE,FALSE
3,Acid Pitfall Plant,16,0,40,0,40,145,0,0,0,0,0,Plant,Uncommon,Sulfuric Falls,16:0:40:0:40,96,2:0:5:0:5,0.662,TRUE,FALSE,FALSE,FALSE,FALSE,FALSE,FALSE,FALSE,FALSE,FALSE,FALSE,FALSE,FALSE,FALSE,FALSE,FALSE,FALSE,FALSE,TRUE,FALSE,FALSE
4,Acid Rutabaga,0,48,0,0,0,54,-5,0,0,0,5,Plant,Common,Sulfuric Falls,0:48:0:0:0,48,0:1:0:0:0,0.889,TRUE,TRUE,TRUE,FALSE,FALSE,FALSE,FALSE,FALSE,TRUE,TRUE,FALSE,TRUE,TRUE,TRUE,FALSE,FALSE,FALSE,TRUE,FALSE,TRUE,TRUE
5,Amethyst Ore,66,66,0,0,33,206,0,0,0,0,-5,Ores,Uncommon,Dragon Oasis,66:66:0:0:33,165,2:2:0:0:1,0.801,TRUE,FALSE,FALSE,FALSE,FALSE,FALSE,FALSE,FALSE,FALSE,FALSE,FALSE,FALSE,FALSE,TRUE,FALSE,FALSE,FALSE,FALSE,FALSE,FALSE,FALSE
6,Amphitere's Shadow,44,0,44,0,0,114,0,0,0,0,0,Essences,Common,Dragon Oasis,44:0:44:0:0,88,1:0:1:0:0,0.772,TRUE,FALSE,FALSE,FALSE,FALSE,FALSE,TRUE,FALSE,FALSE,FALSE,FALSE,TRUE,FALSE,FALSE,FALSE,FALSE,TRUE,FALSE,TRUE,FALSE,FALSE
7,Antlered Jelly,30,0,0,0,0,28,0,-5,0,5,0,Slime,Uncommon,Storm Plains,30:0:0:0:0,30,1:0:0:0:0,1.071,TRUE,TRUE,FALSE,TRUE,FALSE,FALSE,TRUE,TRUE,FALSE,FALSE,FALSE,TRUE,FALSE,TRUE,TRUE,FALSE,TRUE,TRUE,TRUE,FALSE,FALSE
8,Arcane Quartz,84,0,0,84,42,264,0,0,0,0,-5,Gem,Uncommon,Magical Wasteland,84:0:0:84:42,210,2:0:0:2:1,0.795,TRUE,FALSE,FALSE,FALSE,FALSE,FALSE,FALSE,FALSE,FALSE,FALSE,FALSE,FALSE,FALSE,FALSE,TRUE,FALSE,FALSE,FALSE,FALSE,FALSE,FALSE
9,Arcane Truffle,0,42,42,42,42,236,0,0,0,0,0,Fungus,Rare,Magical Wasteland,0:42:42:42:42,168,0:1:1:1:1,0.712,FALSE,FALSE,FALSE,FALSE,FALSE,FALSE,FALSE,FALSE,FALSE,FALSE,FALSE,FALSE,FALSE,FALSE,FALSE,FALSE,FALSE,FALSE,FALSE,FALSE,FALSE
10,Armored Pudding,44,0,0,44,0,115,0,0,0,0,0,Slime,Common,Crater,44:0:0:44:0,88,1:0:0:1:0,0.765,TRUE,FALSE,FALSE,FALSE,FALSE,FALSE,FALSE,TRUE,FALSE,FALSE,FALSE,FALSE,FALSE,FALSE,TRUE,FALSE,TRUE,TRUE,FALSE,FALSE,FALSE
11,Avalanche Cricket,24,24,32,32,0,140,5,-5,0,0,0,Bug,Common,Ice Craggs,24:24:32:32:0,112,3:3:4:4:0,0.800,FALSE,FALSE,FALSE,FALSE,FALSE,FALSE,FALSE,FALSE,FALSE,FALSE,FALSE,FALSE,FALSE,FALSE,FALSE,FALSE,FALSE,FALSE,FALSE,FALSE,FALSE
12,Banshee's Bloody Tongue,0,40,0,0,0,32,0,0,-5,0,0,Flesh,Common,Shadow Steppe,0:40:0:0:0,40,0:1:0:0:0,1.250,TRUE,TRUE,TRUE,FALSE,FALSE,FALSE,FALSE,FALSE,TRUE,TRUE,FALSE,TRUE,TRUE,TRUE,FALSE,FALSE,FALSE,TRUE,FALSE,TRUE,TRUE
13,Barghast Canine,0,30,0,0,10,55,0,0,0,0,0,Bone,Rare,Shadow Steppe,0:30:0:0:10,40,0:3:0:0:1,0.727,TRUE,FALSE,FALSE,FALSE,FALSE,FALSE,FALSE,FALSE,FALSE,TRUE,FALSE,FALSE,FALSE,TRUE,FALSE,FALSE,FALSE,FALSE,FALSE,TRUE,TRUE
14,Barracuda Plant,22,55,0,0,55,172,0,0,0,0,0,Plant,Common,Crater,22:55:0:0:55,132,2:5:0:0:5,0.767,TRUE,FALSE,FALSE,FALSE,FALSE,FALSE,FALSE,FALSE,FALSE,FALSE,FALSE,FALSE,FALSE,TRUE,FALSE,FALSE,FALSE,FALSE,FALSE,FALSE,FALSE
15,Basilisk's Cornea,0,22,0,0,0,54,5,5,0,0,0,Flesh,Uncommon,Dragon Oasis,0:22:0:0:0,22,0:1:0:0:0,0.407,TRUE,TRUE,TRUE,FALSE,FALSE,FALSE,FALSE,FALSE,TRUE,TRUE,FALSE,TRUE,TRUE,TRUE,FALSE,FALSE,FALSE,TRUE,FALSE,TRUE,TRUE
16,Bedazzled Custard,0,0,44,0,22,95,0,0,0,5,0,Slime,Common,Dragon Oasis,0:0:44:0:22,66,0:0:2:0:1,0.695,TRUE,FALSE,FALSE,FALSE,FALSE,FALSE,FALSE,FALSE,FALSE,FALSE,TRUE,FALSE,FALSE,FALSE,FALSE,TRUE,FALSE,FALSE,TRUE,TRUE,TRUE
17,Bioplasm,0,48,32,16,0,125,0,0,0,-5,5,Essences,Rare,Sulfuric Falls,0:48:32:16:0,96,0:3:2:1:0,0.768,TRUE,FALSE,FALSE,FALSE,FALSE,FALSE,FALSE,FALSE,FALSE,FALSE,FALSE,FALSE,TRUE,FALSE,FALSE,FALSE,FALSE,FALSE,FALSE,FALSE,FALSE
18,Blackfrost Lobster,0,0,0,0,44,104,0,0,5,0,0,Fish,Uncommon,Arctic,0:0:0:0:44,44,0:0:0:0:1,0.423,TRUE,FALSE,FALSE,TRUE,FALSE,TRUE,FALSE,FALSE,FALSE,TRUE,TRUE,FALSE,FALSE,TRUE,TRUE,TRUE,FALSE,FALSE,TRUE,TRUE,TRUE
19,Blackgold Ore,84,84,0,0,42,256,0,0,0,0,-5,Ores,Uncommon,Magical Wasteland,84:84:0:0:42,210,2:2:0:0:1,0.820,TRUE,FALSE,FALSE,FALSE,FALSE,FALSE,FALSE,FALSE,FALSE,FALSE,FALSE,FALSE,FALSE,TRUE,FALSE,FALSE,FALSE,FALSE,FALSE,FALSE,FALSE
20,Blightroach,0,42,42,42,0,185,0,0,0,0,0,Bug,Common,Magical Wasteland,0:42:42:42:0,126,0:1:1:1:0,0.681,TRUE,FALSE,FALSE,FALSE,FALSE,FALSE,FALSE,FALSE,FALSE,FALSE,FALSE,FALSE,TRUE,FALSE,FALSE,FALSE,FALSE,FALSE,FALSE,FALSE,FALSE
21,Body Snatcher's Sloughed Skin,0,0,0,66,22,132,0,0,0,0,0,Flesh,Rare,Crater,0:0:0:66:22,88,0:0:0:3:1,0.667,TRUE,FALSE,FALSE,FALSE,FALSE,TRUE,FALSE,FALSE,FALSE,FALSE,FALSE,FALSE,FALSE,FALSE,TRUE,TRUE,FALSE,FALSE,FALSE,FALSE,FALSE
22,Bog Beet,0,27,0,0,0,27,-5,0,0,0,5,Plant,Rare,Mushroom Mire,0:27:0:0:0,27,0:1:0:0:0,1.000,TRUE,TRUE,TRUE,FALSE,FALSE,FALSE,FALSE,FALSE,TRUE,TRUE,FALSE,TRUE,TRUE,TRUE,FALSE,FALSE,FALSE,TRUE,FALSE,TRUE,TRUE
23,Bogeyberry,30,0,0,0,0,30,0,0,0,0,0,Fruit,Common,Storm Plains,30:0:0:0:0,30,1:0:0:0:0,1.000,TRUE,TRUE,FALSE,TRUE,FALSE,FALSE,TRUE,TRUE,FALSE,FALSE,FALSE,TRUE,FALSE,TRUE,TRUE,FALSE,TRUE,TRUE,TRUE,FALSE,FALSE
24,Bramble Rose,16,0,0,0,0,45,0,5,0,0,5,Flower,Uncommon,Sulfuric Falls,16:0:0:0:0,16,1:0:0:0:0,0.356,TRUE,TRUE,FALSE,TRUE,FALSE,FALSE,TRUE,TRUE,FALSE,FALSE,FALSE,TRUE,FALSE,TRUE,TRUE,FALSE,TRUE,TRUE,TRUE,FALSE,FALSE
25,Bubble Ooze,9,9,12,12,0,60,0,0,0,0,0,Slime,Epic,Mushroom Mire,9:9:12:12:0,42,3:3:4:4:0,0.700,FALSE,FALSE,FALSE,FALSE,FALSE,FALSE,FALSE,FALSE,FALSE,FALSE,FALSE,FALSE,FALSE,FALSE,FALSE,FALSE,FALSE,FALSE,FALSE,FALSE,FALSE
26,Buoyant Blowfish,96,0,48,0,0,138,0,0,0,-5,-5,Fish,Uncommon,Ice Craggs,96:0:48:0:0,144,2:0:1:0:0,1.043,TRUE,FALSE,FALSE,FALSE,FALSE,FALSE,TRUE,FALSE,FALSE,FALSE,FALSE,TRUE,FALSE,FALSE,FALSE,FALSE,TRUE,FALSE,TRUE,FALSE,FALSE
27,Celestial Ore,0,0,16,0,0,45,0,0,5,5,0,Ores,Uncommon,Ice Craggs,0:0:16:0:0,16,0:0:1:0:0,0.356,TRUE,FALSE,TRUE,FALSE,TRUE,FALSE,TRUE,FALSE,FALSE,FALSE,TRUE,TRUE,TRUE,FALSE,FALSE,TRUE,TRUE,FALSE,TRUE,TRUE,TRUE
28,Charredonnay,48,0,48,24,24,260,-5,0,0,0,0,Fruit,Rare,Sulfuric Falls,48:0:48:24:24,144,2:0:2:1:1,0.554,FALSE,FALSE,FALSE,FALSE,FALSE,FALSE,FALSE,FALSE,FALSE,FALSE,FALSE,FALSE,FALSE,FALSE,FALSE,FALSE,FALSE,FALSE,FALSE,FALSE,FALSE
29,Chimera Waste,0,0,64,32,0,118,0,0,-5,0,0,Essences,Common,Crystalline Forest,0:0:64:32:0,96,0:0:2:1:0,0.814,TRUE,FALSE,FALSE,FALSE,TRUE,FALSE,FALSE,FALSE,FALSE,FALSE,FALSE,FALSE,TRUE,FALSE,FALSE,TRUE,TRUE,FALSE,FALSE,FALSE,FALSE
30,Cobweb Crayfish,10,0,20,0,0,48,0,0,5,0,0,Fish,Rare,Shadow Steppe,10:0:20:0:0,30,1:0:2:0:0,0.625,TRUE,FALSE,FALSE,FALSE,FALSE,FALSE,TRUE,FALSE,FALSE,FALSE,FALSE,TRUE,FALSE,FALSE,FALSE,FALSE,TRUE,FALSE,TRUE,FALSE,FALSE
31,Copper Dollop,15,15,15,15,0,95,0,0,0,0,0,Slime,Rare,Storm Plains,15:15:15:15:0,60,1:1:1:1:0,0.632,FALSE,FALSE,FALSE,FALSE,FALSE,FALSE,FALSE,FALSE,FALSE,FALSE,FALSE,FALSE,FALSE,FALSE,FALSE,FALSE,FALSE,FALSE,FALSE,FALSE,FALSE
32,Cosmic Cassava,0,66,0,0,0,82,-5,0,0,0,5,Plant,Common,Crater,0:66:0:0:0,66,0:1:0:0:0,0.805,TRUE,TRUE,TRUE,FALSE,FALSE,FALSE,FALSE,FALSE,TRUE,TRUE,FALSE,TRUE,TRUE,TRUE,FALSE,FALSE,FALSE,TRUE,FALSE,TRUE,TRUE
33,Cosmic Quartz,66,33,0,66,0,204,0,0,0,0,-5,Gem,Uncommon,Crater,66:33:0:66:0,165,2:1:0:2:0,0.809,TRUE,FALSE,FALSE,FALSE,FALSE,FALSE,FALSE,FALSE,FALSE,FALSE,FALSE,FALSE,FALSE,FALSE,FALSE,FALSE,FALSE,TRUE,FALSE,FALSE,FALSE
34,Courtier's Orchid,8,24,24,0,0,72,0,0,5,0,0,Flower,Epic,Ice Craggs,8:24:24:0:0,56,1:3:3:0:0,0.778,TRUE,FALSE,FALSE,FALSE,FALSE,FALSE,FALSE,FALSE,FALSE,FALSE,FALSE,TRUE,FALSE,FALSE,FALSE,FALSE,FALSE,FALSE,FALSE,FALSE,FALSE
35,Crag Crab,0,0,0,0,32,75,0,0,5,0,0,Fish,Rare,Ice Craggs,0:0:0:0:32,32,0:0:0:0:1,0.427,TRUE,FALSE,FALSE,TRUE,FALSE,TRUE,FALSE,FALSE,FALSE,TRUE,TRUE,FALSE,FALSE,TRUE,TRUE,TRUE,FALSE,FALSE,TRUE,TRUE,TRUE
36,Creeping Mildew,16,0,0,0,48,92,0,0,0,0,0,Fungus,Uncommon,Sulfuric Falls,16:0:0:0:48,64,1:0:0:0:3,0.696,TRUE,FALSE,FALSE,TRUE,FALSE,FALSE,FALSE,FALSE,FALSE,FALSE,FALSE,FALSE,FALSE,TRUE,TRUE,FALSE,FALSE,FALSE,TRUE,FALSE,FALSE
37,Crocodile Tooth,6,0,12,0,0,20,0,0,0,0,0,Bone,Common,Mushroom Mire,6:0:12:0:0,18,1:0:2:0:0,0.900,TRUE,FALSE,FALSE,FALSE,FALSE,FALSE,TRUE,FALSE,FALSE,FALSE,FALSE,TRUE,FALSE,FALSE,FALSE,FALSE,TRUE,FALSE,TRUE,FALSE,FALSE
38,Cubic Ooze,3,3,3,0,0,16,0,0,0,0,0,Slime,Rare,Enchanted Forest,3:3:3:0:0,9,1:1:1:0:0,0.563,TRUE,FALSE,FALSE,FALSE,FALSE,FALSE,FALSE,FALSE,FALSE,FALSE,FALSE,TRUE,FALSE,FALSE,FALSE,FALSE,FALSE,FALSE,FALSE,FALSE,FALSE
39,Cyclops Skull,0,0,42,42,42,200,0,0,0,0,0,Bone,Common,Magical Wasteland,0:0:42:42:42,126,0:0:1:1:1,0.630,TRUE,FALSE,FALSE,FALSE,FALSE,FALSE,FALSE,FALSE,FALSE,FALSE,FALSE,FALSE,FALSE,FALSE,FALSE,TRUE,FALSE,FALSE,FALSE,FALSE,FALSE
40,Daredevil Pepper,0,32,0,32,0,90,0,0,0,0,0,Plant,Common,Crystalline Forest,0:32:0:32:0,64,0:1:0:1:0,0.711,TRUE,FALSE,FALSE,FALSE,FALSE,FALSE,FALSE,FALSE,TRUE,FALSE,FALSE,FALSE,TRUE,FALSE,FALSE,FALSE,FALSE,TRUE,FALSE,FALSE,FALSE
41,Daydream Pomme,0,24,8,0,0,75,0,0,0,5,5,Fruit,Rare,Sulfuric Falls,0:24:8:0:0,32,0:3:1:0:0,0.427,TRUE,FALSE,TRUE,FALSE,FALSE,FALSE,FALSE,FALSE,FALSE,FALSE,FALSE,TRUE,TRUE,FALSE,FALSE,FALSE,FALSE,FALSE,FALSE,TRUE,TRUE
42,Dazzling Mana,42,42,42,42,42,345,0,5,5,0,0,Pure Mana,Epic,Magical Wasteland,42:42:42:42:42,210,1:1:1:1:1,0.609,FALSE,FALSE,FALSE,FALSE,FALSE,FALSE,FALSE,FALSE,FALSE,FALSE,FALSE,FALSE,FALSE,FALSE,FALSE,FALSE,FALSE,FALSE,FALSE,FALSE,FALSE
43,Death's Embrace,33,33,33,0,33,196,0,0,0,0,0,Plant,Epic,Arctic,33:33:33:0:33,132,1:1:1:0:1,0.673,FALSE,FALSE,FALSE,FALSE,FALSE,FALSE,FALSE,FALSE,FALSE,FALSE,FALSE,FALSE,FALSE,FALSE,FALSE,FALSE,FALSE,FALSE,FALSE,FALSE,FALSE
44,Delirium Shroom,0,0,48,0,0,63,5,0,0,0,-5,Fungus,Common,Crystalline Forest,0:0:48:0:0,48,0:0:1:0:0,0.762,TRUE,FALSE,TRUE,FALSE,TRUE,FALSE,TRUE,FALSE,FALSE,FALSE,TRUE,TRUE,TRUE,FALSE,FALSE,TRUE,TRUE,FALSE,TRUE,TRUE,TRUE
45,Desert Metal,0,12,0,0,0,25,0,5,0,0,0,Ores,Common,Bone Wastes,0:12:0:0:0,12,0:1:0:0:0,0.480,TRUE,TRUE,TRUE,FALSE,FALSE,FALSE,FALSE,FALSE,TRUE,TRUE,FALSE,TRUE,TRUE,TRUE,FALSE,FALSE,FALSE,TRUE,FALSE,TRUE,TRUE
46,Diamond Salt,33,0,0,0,11,85,5,0,0,5,0,Mineral,Uncommon,Arctic,33:0:0:0:11,44,3:0:0:0:1,0.518,TRUE,FALSE,FALSE,TRUE,FALSE,FALSE,FALSE,FALSE,FALSE,FALSE,FALSE,FALSE,FALSE,TRUE,TRUE,FALSE,FALSE,FALSE,TRUE,FALSE,FALSE
47,Direwolf's-Breath Diamond,0,44,44,0,0,118,0,0,0,0,0,Gem,Common,Arctic,0:44:44:0:0,88,0:1:1:0:0,0.746,TRUE,FALSE,TRUE,FALSE,FALSE,FALSE,FALSE,FALSE,FALSE,FALSE,FALSE,TRUE,TRUE,FALSE,FALSE,FALSE,FALSE,FALSE,FALSE,TRUE,TRUE
48,Djinn Blossom,24,0,0,8,0,68,5,0,5,0,0,Flower,Uncommon,Crystalline Forest,24:0:0:8:0,32,3:0:0:1:0,0.471,TRUE,FALSE,FALSE,FALSE,FALSE,FALSE,FALSE,TRUE,FALSE,FALSE,FALSE,FALSE,FALSE,FALSE,TRUE,FALSE,TRUE,TRUE,FALSE,FALSE,FALSE
49,Dragon Dung,0,0,88,44,0,173,0,0,-5,0,0,Essences,Uncommon,Dragon Oasis,0:0:88:44:0,132,0:0:2:1:0,0.763,TRUE,FALSE,FALSE,FALSE,TRUE,FALSE,FALSE,FALSE,FALSE,FALSE,FALSE,FALSE,TRUE,FALSE,FALSE,TRUE,TRUE,FALSE,FALSE,FALSE,FALSE
50,Dragon Pheromones,0,0,0,0,88,151,0,0,-5,0,0,Essences,Uncommon,Dragon Oasis,0:0:0:0:88,88,0:0:0:0:1,0.583,TRUE,FALSE,FALSE,TRUE,FALSE,TRUE,FALSE,FALSE,FALSE,TRUE,TRUE,FALSE,FALSE,TRUE,TRUE,TRUE,FALSE,FALSE,TRUE,TRUE,TRUE
51,Dragon Tear,0,33,33,11,0,118,0,5,0,0,0,Essences,Uncommon,Dragon Oasis,0:33:33:11:0,77,0:3:3:1:0,0.653,TRUE,FALSE,FALSE,FALSE,FALSE,FALSE,FALSE,FALSE,FALSE,FALSE,FALSE,FALSE,TRUE,FALSE,FALSE,FALSE,FALSE,FALSE,FALSE,FALSE,FALSE
52,Dragonblood Tick,132,66,0,0,0,174,0,-5,0,0,-5,Bug,Uncommon,Dragon Oasis,132:66:0:0:0,198,2:1:0:0:0,1.138,TRUE,TRUE,FALSE,FALSE,FALSE,FALSE,FALSE,FALSE,FALSE,FALSE,FALSE,TRUE,FALSE,TRUE,FALSE,FALSE,FALSE,TRUE,FALSE,FALSE,FALSE
53,Dragonbreath Blossom,33,0,0,11,0,76,5,0,5,0,0,Flower,Uncommon,Dragon Oasis,33:0:0:11:0,44,3:0:0:1:0,0.579,TRUE,FALSE,FALSE,FALSE,FALSE,FALSE,FALSE,TRUE,FALSE,FALSE,FALSE,FALSE,FALSE,FALSE,TRUE,FALSE,TRUE,TRUE,FALSE,FALSE,FALSE
54,Dragonegg Citrus,0,22,0,0,66,124,0,0,0,0,0,Fruit,Uncommon,Dragon Oasis,0:22:0:0:66,88,0:1:0:0:3,0.710,TRUE,FALSE,FALSE,FALSE,FALSE,FALSE,FALSE,FALSE,FALSE,TRUE,FALSE,FALSE,FALSE,TRUE,FALSE,FALSE,FALSE,FALSE,FALSE,TRUE,TRUE
55,Dragonfire Pearl,0,0,0,44,0,76,0,0,0,5,0,Gem,Rare,Dragon Oasis,0:0:0:44:0,44,0:0:0:1:0,0.579,TRUE,FALSE,FALSE,FALSE,TRUE,TRUE,FALSE,TRUE,TRUE,FALSE,FALSE,FALSE,TRUE,FALSE,TRUE,TRUE,TRUE,TRUE,FALSE,FALSE,FALSE
56,Draugr's Tibia,0,0,55,55,22,184,0,0,0,0,0,Bone,Uncommon,Arctic,0:0:55:55:22,132,0:0:5:5:2,0.717,TRUE,FALSE,FALSE,FALSE,FALSE,FALSE,FALSE,FALSE,FALSE,FALSE,FALSE,FALSE,FALSE,FALSE,FALSE,TRUE,FALSE,FALSE,FALSE,FALSE,FALSE
57,Dropspider's Shadow,0,0,30,20,10,90,0,0,0,0,0,Essences,Rare,Shadow Steppe,0:0:30:20:10,60,0:0:3:2:1,0.667,TRUE,FALSE,FALSE,FALSE,FALSE,FALSE,FALSE,FALSE,FALSE,FALSE,FALSE,FALSE,FALSE,FALSE,FALSE,TRUE,FALSE,FALSE,FALSE,FALSE,FALSE
58,Dwarf Kraken,40,0,0,0,0,30,0,-5,0,0,0,Fish,Common,Ocean Coasts,40:0:0:0:0,40,1:0:0:0:0,1.333,TRUE,TRUE,FALSE,TRUE,FALSE,FALSE,TRUE,TRUE,FALSE,FALSE,FALSE,TRUE,FALSE,TRUE,TRUE,FALSE,TRUE,TRUE,TRUE,FALSE,FALSE
59,Ectoplasm,0,70,70,28,0,226,0,0,0,-5,5,Essences,Rare,Magical Wasteland,0:70:70:28:0,168,0:5:5:2:0,0.743,TRUE,FALSE,FALSE,FALSE,FALSE,FALSE,FALSE,FALSE,FALSE,FALSE,FALSE,FALSE,TRUE,FALSE,FALSE,FALSE,FALSE,FALSE,FALSE,FALSE,FALSE
60,Elder Being's Tusk,0,66,0,0,22,114,0,-5,0,0,5,Bone,Uncommon,Crater,0:66:0:0:22,88,0:3:0:0:1,0.772,TRUE,FALSE,FALSE,FALSE,FALSE,FALSE,FALSE,FALSE,FALSE,TRUE,FALSE,FALSE,FALSE,TRUE,FALSE,FALSE,FALSE,FALSE,FALSE,TRUE,TRUE
61,Electrocution Eel,10,10,10,0,0,45,0,0,0,5,0,Fish,Uncommon,Storm Plains,10:10:10:0:0,30,1:1:1:0:0,0.667,TRUE,FALSE,FALSE,FALSE,FALSE,FALSE,FALSE,FALSE,FALSE,FALSE,FALSE,TRUE,FALSE,FALSE,FALSE,FALSE,FALSE,FALSE,FALSE,FALSE,FALSE
62,Ember of Mana,24,24,24,24,24,165,0,0,0,0,0,Pure Mana,Epic,Ice Craggs,24:24:24:24:24,120,1:1:1:1:1,0.727,FALSE,FALSE,FALSE,FALSE,FALSE,FALSE,FALSE,FALSE,FALSE,FALSE,FALSE,FALSE,FALSE,FALSE,FALSE,FALSE,FALSE,FALSE,FALSE,FALSE,FALSE
63,Eye of Newt,0,16,0,0,0,34,5,5,0,0,0,Flesh,Uncommon,Crystalline Forest,0:16:0:0:0,16,0:1:0:0:0,0.471,TRUE,TRUE,TRUE,FALSE,FALSE,FALSE,FALSE,FALSE,TRUE,TRUE,FALSE,TRUE,TRUE,TRUE,FALSE,FALSE,FALSE,TRUE,FALSE,TRUE,TRUE
64,Fairy Flower Bloom,20,0,0,0,0,35,0,0,5,0,0,Flower,Common,Shadow Steppe,20:0:0:0:0,20,1:0:0:0:0,0.571,TRUE,TRUE,FALSE,TRUE,FALSE,FALSE,TRUE,TRUE,FALSE,FALSE,FALSE,TRUE,FALSE,TRUE,TRUE,FALSE,TRUE,TRUE,TRUE,FALSE,FALSE
65,Fairy Flower Bud,12,0,0,0,0,23,0,0,5,0,0,Flower,Common,Bone Wastes,12:0:0:0:0,12,1:0:0:0:0,0.522,TRUE,TRUE,FALSE,TRUE,FALSE,FALSE,TRUE,TRUE,FALSE,FALSE,FALSE,TRUE,FALSE,TRUE,TRUE,FALSE,TRUE,TRUE,TRUE,FALSE,FALSE
66,Fairy Flower Bulb,4,0,0,0,0,14,0,0,5,0,0,Flower,Common,Enchanted Forest,4:0:0:0:0,4,1:0:0:0:0,0.286,TRUE,TRUE,FALSE,TRUE,FALSE,FALSE,TRUE,TRUE,FALSE,FALSE,FALSE,TRUE,FALSE,TRUE,TRUE,FALSE,TRUE,TRUE,TRUE,FALSE,FALSE
67,Feathered Gelatin,0,0,0,48,0,62,0,5,-5,0,0,Slime,Uncommon,Ice Craggs,0:0:0:48:0,48,0:0:0:1:0,0.774,TRUE,FALSE,FALSE,FALSE,TRUE,TRUE,FALSE,TRUE,TRUE,FALSE,FALSE,FALSE,TRUE,FALSE,TRUE,TRUE,TRUE,TRUE,FALSE,FALSE,FALSE
68,Feyberry,6,0,0,0,0,4,0,0,0,0,0,Fruit,Common,Enchanted Forest,6:0:0:0:0,6,1:0:0:0:0,1.500,TRUE,TRUE,FALSE,TRUE,FALSE,FALSE,TRUE,TRUE,FALSE,FALSE,FALSE,TRUE,FALSE,TRUE,TRUE,FALSE,TRUE,TRUE,TRUE,FALSE,FALSE
69,Figment Pomme,0,18,6,0,0,26,0,0,0,0,0,Fruit,Uncommon,Bone Wastes,0:18:6:0:0,24,0:3:1:0:0,0.923,TRUE,FALSE,TRUE,FALSE,FALSE,FALSE,FALSE,FALSE,FALSE,FALSE,FALSE,TRUE,TRUE,FALSE,FALSE,FALSE,FALSE,FALSE,FALSE,TRUE,TRUE
70,Fire Flower,40,0,0,20,0,55,0,0,-5,0,0,Flower,Rare,Storm Plains,40:0:0:20:0,60,2:0:0:1:0,1.091,TRUE,FALSE,FALSE,FALSE,FALSE,FALSE,FALSE,TRUE,FALSE,FALSE,FALSE,FALSE,FALSE,FALSE,TRUE,FALSE,TRUE,TRUE,FALSE,FALSE,FALSE
71,Frog Leg,0,0,24,12,0,33,0,0,0,-5,0,Flesh,Epic,Bone Wastes,0:0:24:12:0,36,0:0:2:1:0,1.091,TRUE,FALSE,FALSE,FALSE,TRUE,FALSE,FALSE,FALSE,FALSE,FALSE,FALSE,FALSE,TRUE,FALSE,FALSE,TRUE,TRUE,FALSE,FALSE,FALSE,FALSE
72,Frost Hopper,33,33,44,44,0,196,5,-5,0,0,0,Bug,Common,Arctic,33:33:44:44:0,154,3:3:4:4:0,0.786,FALSE,FALSE,FALSE,FALSE,FALSE,FALSE,FALSE,FALSE,FALSE,FALSE,FALSE,FALSE,FALSE,FALSE,FALSE,FALSE,FALSE,FALSE,FALSE,FALSE,FALSE
73,Fulgurite Ore,0,0,0,30,0,40,0,0,0,0,0,Ores,Uncommon,Storm Plains,0:0:0:30:0,30,0:0:0:1:0,0.750,TRUE,FALSE,FALSE,FALSE,TRUE,TRUE,FALSE,TRUE,TRUE,FALSE,FALSE,FALSE,TRUE,FALSE,TRUE,TRUE,TRUE,TRUE,FALSE,FALSE,FALSE
74,Funeral Pyre Enoki,88,88,44,44,0,280,0,-5,-5,0,0,Fungus,Epic,Dragon Oasis,88:88:44:44:0,264,2:2:1:1:0,0.943,FALSE,FALSE,FALSE,FALSE,FALSE,FALSE,FALSE,FALSE,FALSE,FALSE,FALSE,FALSE,FALSE,FALSE,FALSE,FALSE,FALSE,FALSE,FALSE,FALSE,FALSE
75,Geode Citrus,0,16,0,0,48,94,0,0,0,0,0,Fruit,Uncommon,Crystalline Forest,0:16:0:0:48,64,0:1:0:0:3,0.681,TRUE,FALSE,FALSE,FALSE,FALSE,FALSE,FALSE,FALSE,FALSE,TRUE,FALSE,FALSE,FALSE,TRUE,FALSE,FALSE,FALSE,FALSE,FALSE,TRUE,TRUE
76,Ghostlight Bloom,18,0,0,6,0,28,0,0,0,0,0,Flower,Uncommon,Mushroom Mire,18:0:0:6:0,24,3:0:0:1:0,0.857,TRUE,FALSE,FALSE,FALSE,FALSE,FALSE,FALSE,TRUE,FALSE,FALSE,FALSE,FALSE,FALSE,FALSE,TRUE,FALSE,TRUE,TRUE,FALSE,FALSE,FALSE
77,Giantstool Mushroom,0,20,0,0,0,40,0,5,0,0,0,Fungus,Common,Storm Plains,0:20:0:0:0,20,0:1:0:0:0,0.500,TRUE,TRUE,TRUE,FALSE,FALSE,FALSE,FALSE,FALSE,TRUE,TRUE,FALSE,TRUE,TRUE,TRUE,FALSE,FALSE,FALSE,TRUE,FALSE,TRUE,TRUE
78,Glass Ore,0,0,0,18,0,24,0,0,0,0,0,Ores,Common,Bone Wastes,0:0:0:18:0,18,0:0:0:1:0,0.750,TRUE,FALSE,FALSE,FALSE,TRUE,TRUE,FALSE,TRUE,TRUE,FALSE,FALSE,FALSE,TRUE,FALSE,TRUE,TRUE,TRUE,TRUE,FALSE,FALSE,FALSE
79,Gold Dollop,33,33,33,33,0,176,0,0,0,0,0,Slime,Rare,Dragon Oasis,33:33:33:33:0,132,1:1:1:1:0,0.750,FALSE,FALSE,FALSE,FALSE,FALSE,FALSE,FALSE,FALSE,FALSE,FALSE,FALSE,FALSE,FALSE,FALSE,FALSE,FALSE,FALSE,FALSE,FALSE,FALSE,FALSE
80,Golem's-Eye Diamond,0,12,12,0,0,28,0,0,0,0,0,Gem,Uncommon,Bone Wastes,0:12:12:0:0,24,0:1:1:0:0,0.857,TRUE,FALSE,TRUE,FALSE,FALSE,FALSE,FALSE,FALSE,FALSE,FALSE,FALSE,TRUE,TRUE,FALSE,FALSE,FALSE,FALSE,FALSE,FALSE,TRUE,TRUE
81,Golemite,18,12,0,10,0,38,0,0,0,0,0,Mineral,Rare,Bone Wastes,18:12:0:10:0,40,9:6:0:5:0,1.053,TRUE,FALSE,FALSE,FALSE,FALSE,FALSE,FALSE,FALSE,FALSE,FALSE,FALSE,FALSE,FALSE,FALSE,FALSE,FALSE,FALSE,TRUE,FALSE,FALSE,FALSE
82,Griffin's-Whetstone Diamond,0,32,32,0,0,86,0,0,0,0,0,Gem,Common,Ice Craggs,0:32:32:0:0,64,0:1:1:0:0,0.744,TRUE,FALSE,TRUE,FALSE,FALSE,FALSE,FALSE,FALSE,FALSE,FALSE,FALSE,TRUE,TRUE,FALSE,FALSE,FALSE,FALSE,FALSE,FALSE,TRUE,TRUE
83,Guillotine Eel,33,33,33,0,0,126,0,0,0,0,0,Fish,Common,Crater,33:33:33:0:0,99,1:1:1:0:0,0.786,TRUE,FALSE,FALSE,FALSE,FALSE,FALSE,FALSE,FALSE,FALSE,FALSE,FALSE,TRUE,FALSE,FALSE,FALSE,FALSE,FALSE,FALSE,FALSE,FALSE,FALSE
84,Hallucinatory Shroom,0,0,30,0,0,36,5,0,0,0,-5,Fungus,Rare,Shadow Steppe,0:0:30:0:0,30,0:0:1:0:0,0.833,TRUE,FALSE,TRUE,FALSE,TRUE,FALSE,TRUE,FALSE,FALSE,FALSE,TRUE,TRUE,TRUE,FALSE,FALSE,TRUE,TRUE,FALSE,TRUE,TRUE,TRUE
85,Hangman Eel,24,24,24,0,0,95,0,0,0,0,0,Fish,Uncommon,Sulfuric Falls,24:24:24:0:0,72,1:1:1:0:0,0.758,TRUE,FALSE,FALSE,FALSE,FALSE,FALSE,FALSE,FALSE,FALSE,FALSE,FALSE,TRUE,FALSE,FALSE,FALSE,FALSE,FALSE,FALSE,FALSE,FALSE,FALSE
86,Harpy's Heart of Stone,16,0,0,32,0,76,0,5,0,0,0,Flesh,Uncommon,Ice Craggs,16:0:0:32:0,48,1:0:0:2:0,0.632,TRUE,FALSE,FALSE,FALSE,FALSE,FALSE,FALSE,TRUE,FALSE,FALSE,FALSE,FALSE,FALSE,FALSE,TRUE,FALSE,TRUE,TRUE,FALSE,FALSE,FALSE
87,Harpy's Snare,24,24,24,0,24,150,0,0,0,0,0,Plant,Epic,Ice Craggs,24:24:24:0:24,96,1:1:1:0:1,0.640,FALSE,FALSE,FALSE,FALSE,FALSE,FALSE,FALSE,FALSE,FALSE,FALSE,FALSE,FALSE,FALSE,FALSE,FALSE,FALSE,FALSE,FALSE,FALSE,FALSE,FALSE
88,Hellhound Daisy,0,22,0,66,0,125,0,0,0,0,0,Flower,Uncommon,Arctic,0:22:0:66:0,88,0:1:0:3:0,0.704,TRUE,FALSE,FALSE,FALSE,FALSE,FALSE,FALSE,FALSE,TRUE,FALSE,FALSE,FALSE,TRUE,FALSE,FALSE,FALSE,FALSE,TRUE,FALSE,FALSE,FALSE
89,Hoarite,55,55,0,22,0,167,-5,0,0,5,0,Mineral,Rare,Arctic,55:55:0:22:0,132,5:5:0:2:0,0.790,TRUE,FALSE,FALSE,FALSE,FALSE,FALSE,FALSE,FALSE,FALSE,FALSE,FALSE,FALSE,FALSE,FALSE,FALSE,FALSE,FALSE,TRUE,FALSE,FALSE,FALSE
90,Hocus Locust,28,28,140,28,0,287,5,-5,0,0,0,Bug,Epic,Magical Wasteland,28:28:140:28:0,224,1:1:5:1:0,0.780,FALSE,FALSE,FALSE,FALSE,FALSE,FALSE,FALSE,FALSE,FALSE,FALSE,FALSE,FALSE,FALSE,FALSE,FALSE,FALSE,FALSE,FALSE,FALSE,FALSE,FALSE
91,Horned Jelly,18,0,0,0,0,20,0,-5,0,5,0,Slime,Uncommon,Bone Wastes,18:0:0:0:0,18,1:0:0:0:0,0.900,TRUE,TRUE,FALSE,TRUE,FALSE,FALSE,TRUE,TRUE,FALSE,FALSE,FALSE,TRUE,FALSE,TRUE,TRUE,FALSE,TRUE,TRUE,TRUE,FALSE,FALSE
92,Hydra Vertebra,9,9,9,0,0,35,0,0,0,0,0,Bone,Common,Mushroom Mire,9:9:9:0:0,27,1:1:1:0:0,0.771,TRUE,FALSE,FALSE,FALSE,FALSE,FALSE,FALSE,FALSE,FALSE,FALSE,FALSE,TRUE,FALSE,FALSE,FALSE,FALSE,FALSE,FALSE,FALSE,FALSE,FALSE
93,Icicle Pufferfish,132,0,66,0,0,210,0,0,0,-5,-5,Fish,Uncommon,Arctic,132:0:66:0:0,198,2:0:1:0:0,0.943,TRUE,FALSE,FALSE,FALSE,FALSE,FALSE,TRUE,FALSE,FALSE,FALSE,FALSE,TRUE,FALSE,FALSE,FALSE,FALSE,TRUE,FALSE,TRUE,FALSE,FALSE
94,Impstool Mushroom,0,4,0,0,0,17,0,5,0,0,0,Fungus,Common,Enchanted Forest,0:4:0:0:0,4,0:1:0:0:0,0.235,TRUE,TRUE,TRUE,FALSE,FALSE,FALSE,FALSE,FALSE,TRUE,TRUE,FALSE,TRUE,TRUE,TRUE,FALSE,FALSE,FALSE,TRUE,FALSE,TRUE,TRUE
95,Inverted Brable-Rose,22,0,0,0,0,46,0,5,0,0,5,Flower,Uncommon,Crater,22:0:0:0:0,22,1:0:0:0:0,0.478,TRUE,TRUE,FALSE,TRUE,FALSE,FALSE,TRUE,TRUE,FALSE,FALSE,FALSE,TRUE,FALSE,TRUE,TRUE,FALSE,TRUE,TRUE,TRUE,FALSE,FALSE
96,Jelly Blossom,0,0,0,0,30,55,0,0,0,0,0,Flower,Rare,Ocean Coasts,0:0:0:0:30,30,0:0:0:0:1,0.545,TRUE,FALSE,FALSE,TRUE,FALSE,TRUE,FALSE,FALSE,FALSE,TRUE,TRUE,FALSE,FALSE,TRUE,TRUE,TRUE,FALSE,FALSE,TRUE,TRUE,TRUE
97,Jeweled Scarab,0,24,24,24,0,105,0,0,0,0,0,Bug,Common,Crystalline Forest,0:24:24:24:0,72,0:1:1:1:0,0.686,TRUE,FALSE,FALSE,FALSE,FALSE,FALSE,FALSE,FALSE,FALSE,FALSE,FALSE,FALSE,TRUE,FALSE,FALSE,FALSE,FALSE,FALSE,FALSE,FALSE,FALSE
98,Jotunn's Frozen Heart,22,0,0,44,0,98,0,5,0,0,0,Flesh,Uncommon,Arctic,22:0:0:44:0,66,1:0:0:2:0,0.673,TRUE,FALSE,FALSE,FALSE,FALSE,FALSE,FALSE,TRUE,FALSE,FALSE,FALSE,FALSE,FALSE,FALSE,TRUE,FALSE,TRUE,TRUE,FALSE,FALSE,FALSE
99,Kappa Pheromones,4,0,4,0,0,13,0,0,0,0,0,Essences,Uncommon,Enchanted Forest,4:0:4:0:0,8,1:0:1:0:0,0.615,TRUE,FALSE,FALSE,FALSE,FALSE,FALSE,TRUE,FALSE,FALSE,FALSE,FALSE,TRUE,FALSE,FALSE,FALSE,FALSE,TRUE,FALSE,TRUE,FALSE,FALSE
100,Lamia's Shed Scales,0,0,0,48,16,110,0,0,0,0,0,Flesh,Uncommon,Sulfuric Falls,0:0:0:48:16,64,0:0:0:3:1,0.582,TRUE,FALSE,FALSE,FALSE,FALSE,TRUE,FALSE,FALSE,FALSE,FALSE,FALSE,FALSE,FALSE,FALSE,TRUE,TRUE,FALSE,FALSE,FALSE,FALSE,FALSE
101,Lazuli Ore,64,48,0,0,32,174,0,0,0,0,-5,Ores,Rare,Crystalline Forest,64:48:0:0:32,144,4:3:0:0:2,0.828,TRUE,FALSE,FALSE,FALSE,FALSE,FALSE,FALSE,FALSE,FALSE,FALSE,FALSE,FALSE,FALSE,TRUE,FALSE,FALSE,FALSE,FALSE,FALSE,FALSE,FALSE
102,Leech Snail's Shell,12,12,0,0,0,26,0,0,0,0,0,Mineral,Uncommon,Bone Wastes,12:12:0:0:0,24,1:1:0:0:0,0.923,TRUE,TRUE,FALSE,FALSE,FALSE,FALSE,FALSE,FALSE,FALSE,FALSE,FALSE,TRUE,FALSE,TRUE,FALSE,FALSE,FALSE,TRUE,FALSE,FALSE,FALSE
103,Lethal Injection Eel,42,42,42,0,0,164,0,0,0,0,0,Fish,Common,Magical Wasteland,42:42:42:0:0,126,1:1:1:0:0,0.768,TRUE,FALSE,FALSE,FALSE,FALSE,FALSE,FALSE,FALSE,FALSE,FALSE,FALSE,TRUE,FALSE,FALSE,FALSE,FALSE,FALSE,FALSE,FALSE,FALSE,FALSE
104,Lich's Femur,0,0,70,70,28,247,0,0,0,0,0,Bone,Uncommon,Magical Wasteland,0:0:70:70:28,168,0:0:5:5:2,0.680,TRUE,FALSE,FALSE,FALSE,FALSE,FALSE,FALSE,FALSE,FALSE,FALSE,FALSE,FALSE,FALSE,FALSE,FALSE,TRUE,FALSE,FALSE,FALSE,FALSE,FALSE
105,Liquid Metal Ore,0,44,88,0,0,162,0,-5,0,0,0,Ores,Common,Crater,0:44:88:0:0,132,0:1:2:0:0,0.815,TRUE,FALSE,TRUE,FALSE,FALSE,FALSE,FALSE,FALSE,FALSE,FALSE,FALSE,TRUE,TRUE,FALSE,FALSE,FALSE,FALSE,FALSE,FALSE,TRUE,TRUE
106,Lustrous Pearl,0,0,0,32,0,60,0,0,0,5,0,Gem,Common,Crystalline Forest,0:0:0:32:0,32,0:0:0:1:0,0.533,TRUE,FALSE,FALSE,FALSE,TRUE,TRUE,FALSE,TRUE,TRUE,FALSE,FALSE,FALSE,TRUE,FALSE,TRUE,TRUE,TRUE,TRUE,FALSE,FALSE,FALSE
107,Magma Beetle,0,33,33,33,0,124,0,0,0,0,0,Bug,Common,Dragon Oasis,0:33:33:33:0,99,0:1:1:1:0,0.798,TRUE,FALSE,FALSE,FALSE,FALSE,FALSE,FALSE,FALSE,FALSE,FALSE,FALSE,FALSE,TRUE,FALSE,FALSE,FALSE,FALSE,FALSE,FALSE,FALSE,FALSE
108,Malachite Ore,30,10,0,0,20,93,0,0,0,0,0,Ores,Rare,Ocean Coasts,30:10:0:0:20,60,3:1:0:0:2,0.645,TRUE,FALSE,FALSE,FALSE,FALSE,FALSE,FALSE,FALSE,FALSE,FALSE,FALSE,FALSE,FALSE,TRUE,FALSE,FALSE,FALSE,FALSE,FALSE,FALSE,FALSE
109,Mana Blaze,50,40,30,20,10,234,0,5,5,0,0,Pure Mana,Epic,Dragon Oasis,50:40:30:20:10,150,5:4:3:2:1,0.641,FALSE,FALSE,FALSE,FALSE,FALSE,FALSE,FALSE,FALSE,FALSE,FALSE,FALSE,FALSE,FALSE,FALSE,FALSE,FALSE,FALSE,FALSE,FALSE,FALSE,FALSE
110,Mana Conflagration,35,45,55,65,75,316,0,0,-5,-5,0,Pure Mana,Epic,Arctic,35:45:55:65:75,275,7:9:11:13:15,0.870,FALSE,FALSE,FALSE,FALSE,FALSE,FALSE,FALSE,FALSE,FALSE,FALSE,FALSE,FALSE,FALSE,FALSE,FALSE,FALSE,FALSE,FALSE,FALSE,FALSE,FALSE
111,Mana Heart,28,28,28,98,28,450,5,0,5,0,0,Pure Mana,Epic,Magical Wasteland,28:28:28:98:28,210,2:2:2:7:2,0.467,FALSE,FALSE,FALSE,FALSE,FALSE,FALSE,FALSE,FALSE,FALSE,FALSE,FALSE,FALSE,FALSE,FALSE,FALSE,FALSE,FALSE,FALSE,FALSE,FALSE,FALSE
112,Mana Maelstrom,98,28,28,28,28,375,0,0,0,5,5,Pure Mana,Epic,Magical Wasteland,98:28:28:28:28,210,7:2:2:2:2,0.560,FALSE,FALSE,FALSE,FALSE,FALSE,FALSE,FALSE,FALSE,FALSE,FALSE,FALSE,FALSE,FALSE,FALSE,FALSE,FALSE,FALSE,FALSE,FALSE,FALSE,FALSE
113,Mana Prism,28,28,98,28,28,425,0,5,0,5,0,Pure Mana,Epic,Magical Wasteland,28:28:98:28:28,210,2:2:7:2:2,0.494,FALSE,FALSE,FALSE,FALSE,FALSE,FALSE,FALSE,FALSE,FALSE,FALSE,FALSE,FALSE,FALSE,FALSE,FALSE,FALSE,FALSE,FALSE,FALSE,FALSE,FALSE
114,Mana Singularity,28,28,28,28,98,475,0,0,5,0,5,Pure Mana,Epic,Magical Wasteland,28:28:28:28:98,210,2:2:2:2:7,0.442,FALSE,FALSE,FALSE,FALSE,FALSE,FALSE,FALSE,FALSE,FALSE,FALSE,FALSE,FALSE,FALSE,FALSE,FALSE,FALSE,FALSE,FALSE,FALSE,FALSE,FALSE
115,Mana Vortex,28,98,28,28,28,400,5,0,0,0,5,Pure Mana,Epic,Magical Wasteland,28:98:28:28:28,210,2:7:2:2:2,0.525,FALSE,FALSE,FALSE,FALSE,FALSE,FALSE,FALSE,FALSE,FALSE,FALSE,FALSE,FALSE,FALSE,FALSE,FALSE,FALSE,FALSE,FALSE,FALSE,FALSE,FALSE
116,Mandragon Root,0,30,0,0,0,34,0,0,0,0,0,Plant,Common,Ocean Coasts,0:30:0:0:0,30,0:1:0:0:0,0.882,TRUE,TRUE,TRUE,FALSE,FALSE,FALSE,FALSE,FALSE,TRUE,TRUE,FALSE,TRUE,TRUE,TRUE,FALSE,FALSE,FALSE,TRUE,FALSE,TRUE,TRUE
117,Mandrake Root,0,6,0,0,0,6,0,0,0,0,0,Plant,Common,Enchanted Forest,0:6:0:0:0,6,0:1:0:0:0,1.000,TRUE,TRUE,TRUE,FALSE,FALSE,FALSE,FALSE,FALSE,TRUE,TRUE,FALSE,TRUE,TRUE,TRUE,FALSE,FALSE,FALSE,TRUE,FALSE,TRUE,TRUE
118,Manwyrm Root,0,18,0,0,0,14,0,0,0,0,0,Plant,Common,Bone Wastes,0:18:0:0:0,18,0:1:0:0:0,1.286,TRUE,TRUE,TRUE,FALSE,FALSE,FALSE,FALSE,FALSE,TRUE,TRUE,FALSE,TRUE,TRUE,TRUE,FALSE,FALSE,FALSE,TRUE,FALSE,TRUE,TRUE
119,Mass Grave Enoki,56,112,112,56,0,386,0,-5,-5,0,0,Fungus,Rare,Magical Wasteland,56:112:112:56:0,336,1:2:2:1:0,0.870,FALSE,FALSE,FALSE,FALSE,FALSE,FALSE,FALSE,FALSE,FALSE,FALSE,FALSE,FALSE,FALSE,FALSE,FALSE,FALSE,FALSE,FALSE,FALSE,FALSE,FALSE
120,Medusa Spore,0,48,0,16,0,94,-5,0,5,0,0,Fungus,Common,Ice Craggs,0:48:0:16:0,64,0:3:0:1:0,0.681,TRUE,FALSE,FALSE,FALSE,FALSE,FALSE,FALSE,FALSE,TRUE,FALSE,FALSE,FALSE,TRUE,FALSE,FALSE,FALSE,FALSE,TRUE,FALSE,FALSE,FALSE
121,Miasma Spore,0,18,0,6,0,30,0,0,0,0,0,Fungus,Uncommon,Mushroom Mire,0:18:0:6:0,24,0:3:0:1:0,0.800,TRUE,FALSE,FALSE,FALSE,FALSE,FALSE,FALSE,FALSE,TRUE,FALSE,FALSE,FALSE,TRUE,FALSE,FALSE,FALSE,FALSE,TRUE,FALSE,FALSE,FALSE
122,Mosquito Plant,10,0,20,0,30,105,0,0,0,0,0,Plant,Epic,Shadow Steppe,10:0:20:0:30,60,1:0:2:0:3,0.571,TRUE,FALSE,FALSE,FALSE,FALSE,FALSE,FALSE,FALSE,FALSE,FALSE,FALSE,FALSE,FALSE,FALSE,FALSE,FALSE,FALSE,FALSE,TRUE,FALSE,FALSE
123,Moss Berries,0,10,0,20,0,35,0,0,0,0,0,Fruit,Common,Mushroom Mire,0:10:0:20:0,30,0:1:0:2:0,0.857,TRUE,FALSE,FALSE,FALSE,FALSE,FALSE,FALSE,FALSE,TRUE,FALSE,FALSE,FALSE,TRUE,FALSE,FALSE,FALSE,FALSE,TRUE,FALSE,FALSE,FALSE
124,Mote of Mana,15,15,15,15,15,130,0,0,0,0,0,Pure Mana,Epic,Shadow Steppe,15:15:15:15:15,75,1:1:1:1:1,0.577,FALSE,FALSE,FALSE,FALSE,FALSE,FALSE,FALSE,FALSE,FALSE,FALSE,FALSE,FALSE,FALSE,FALSE,FALSE,FALSE,FALSE,FALSE,FALSE,FALSE,FALSE
125,Mud Shrimp,6,0,12,0,0,26,0,0,5,0,0,Fish,Rare,Mushroom Mire,6:0:12:0:0,18,1:0:2:0:0,0.692,TRUE,FALSE,FALSE,FALSE,FALSE,FALSE,TRUE,FALSE,FALSE,FALSE,FALSE,TRUE,FALSE,FALSE,FALSE,FALSE,TRUE,FALSE,TRUE,FALSE,FALSE
126,Murkwater Pearl,0,0,0,12,0,27,0,0,0,5,0,Gem,Uncommon,Mushroom Mire,0:0:0:12:0,12,0:0:0:1:0,0.444,TRUE,FALSE,FALSE,FALSE,TRUE,TRUE,FALSE,TRUE,TRUE,FALSE,FALSE,FALSE,TRUE,FALSE,TRUE,TRUE,TRUE,TRUE,FALSE,FALSE,FALSE
127,Naga's Fang,0,48,0,0,16,98,0,-5,0,0,5,Bone,Common,Sulfuric Falls,0:48:0:0:16,64,0:3:0:0:1,0.653,TRUE,FALSE,FALSE,FALSE,FALSE,FALSE,FALSE,FALSE,FALSE,TRUE,FALSE,FALSE,FALSE,TRUE,FALSE,FALSE,FALSE,FALSE,FALSE,TRUE,TRUE
128,Nessie Pheromones,20,0,20,0,0,50,0,0,0,0,0,Essences,Common,Ocean Coasts,20:0:20:0:0,40,1:0:1:0:0,0.800,TRUE,FALSE,FALSE,FALSE,FALSE,FALSE,TRUE,FALSE,FALSE,FALSE,FALSE,TRUE,FALSE,FALSE,FALSE,FALSE,TRUE,FALSE,TRUE,FALSE,FALSE
129,Nether Ore,0,0,22,0,0,51,0,0,5,5,0,Ores,Rare,Arctic,0:0:22:0:0,22,0:0:1:0:0,0.431,TRUE,FALSE,TRUE,FALSE,TRUE,FALSE,TRUE,FALSE,FALSE,FALSE,TRUE,TRUE,TRUE,FALSE,FALSE,TRUE,TRUE,FALSE,TRUE,TRUE,TRUE
130,Nightmare Pomme,0,33,11,0,0,72,0,0,0,5,5,Fruit,Rare,Crater,0:33:11:0:0,44,0:3:1:0:0,0.611,TRUE,FALSE,TRUE,FALSE,FALSE,FALSE,FALSE,FALSE,FALSE,FALSE,FALSE,TRUE,TRUE,FALSE,FALSE,FALSE,FALSE,FALSE,FALSE,TRUE,TRUE
131,Nuclear Shadow,0,70,70,28,0,228,0,5,0,0,0,Essences,Rare,Magical Wasteland,0:70:70:28:0,168,0:5:5:2:0,0.737,TRUE,FALSE,FALSE,FALSE,FALSE,FALSE,FALSE,FALSE,FALSE,FALSE,FALSE,FALSE,TRUE,FALSE,FALSE,FALSE,FALSE,FALSE,FALSE,FALSE,FALSE
132,Ogre's Shadow,32,0,32,0,0,74,0,0,0,0,0,Essences,Common,Crystalline Forest,32:0:32:0:0,64,1:0:1:0:0,0.865,TRUE,FALSE,FALSE,FALSE,FALSE,FALSE,TRUE,FALSE,FALSE,FALSE,FALSE,TRUE,FALSE,FALSE,FALSE,FALSE,TRUE,FALSE,TRUE,FALSE,FALSE
133,Orchid of the Ice Princess,11,33,0,33,0,116,0,0,5,0,0,Flower,Rare,Arctic,11:33:0:33:0,77,1:3:0:3:0,0.664,TRUE,FALSE,FALSE,FALSE,FALSE,FALSE,FALSE,FALSE,FALSE,FALSE,FALSE,FALSE,FALSE,FALSE,FALSE,FALSE,FALSE,TRUE,FALSE,FALSE,FALSE
134,Orchid of the Witch Queen,28,70,0,70,0,248,0,0,5,0,0,Flower,Rare,Magical Wasteland,28:70:0:70:0,168,2:5:0:5:0,0.677,TRUE,FALSE,FALSE,FALSE,FALSE,FALSE,FALSE,FALSE,FALSE,FALSE,FALSE,FALSE,FALSE,FALSE,FALSE,FALSE,FALSE,TRUE,FALSE,FALSE,FALSE
135,Owlbear Pheromones,0,0,0,0,64,90,0,0,-5,0,0,Essences,Uncommon,Crystalline Forest,0:0:0:0:64,64,0:0:0:0:1,0.711,TRUE,FALSE,FALSE,TRUE,FALSE,TRUE,FALSE,FALSE,FALSE,TRUE,TRUE,FALSE,FALSE,TRUE,TRUE,TRUE,FALSE,FALSE,TRUE,TRUE,TRUE
136,Pandemonium Shroom,66,0,0,0,0,72,5,0,0,0,-5,Fungus,Common,Dragon Oasis,66:0:0:0:0,66,1:0:0:0:0,0.917,TRUE,TRUE,FALSE,TRUE,FALSE,FALSE,TRUE,TRUE,FALSE,FALSE,FALSE,TRUE,FALSE,TRUE,TRUE,FALSE,TRUE,TRUE,TRUE,FALSE,FALSE
137,Pegasus Mite,96,48,0,0,0,134,0,-5,0,0,-5,Bug,Uncommon,Crystalline Forest,96:48:0:0:0,144,2:1:0:0:0,1.075,TRUE,TRUE,FALSE,FALSE,FALSE,FALSE,FALSE,FALSE,FALSE,FALSE,FALSE,TRUE,FALSE,TRUE,FALSE,FALSE,FALSE,TRUE,FALSE,FALSE,FALSE
138,Phantom Pomme,0,10,30,0,0,64,5,0,0,0,-5,Fruit,Epic,Ocean Coasts,0:10:30:0:0,40,0:1:3:0:0,0.625,TRUE,FALSE,TRUE,FALSE,FALSE,FALSE,FALSE,FALSE,FALSE,FALSE,FALSE,TRUE,TRUE,FALSE,FALSE,FALSE,FALSE,FALSE,FALSE,TRUE,TRUE
139,Phoenix Tear,0,24,24,8,0,82,0,5,0,0,0,Essences,Epic,Crystalline Forest,0:24:24:8:0,56,0:3:3:1:0,0.683,TRUE,FALSE,FALSE,FALSE,FALSE,FALSE,FALSE,FALSE,FALSE,FALSE,FALSE,FALSE,TRUE,FALSE,FALSE,FALSE,FALSE,FALSE,FALSE,FALSE,FALSE
140,Photonic Spore,0,10,0,30,0,52,-5,0,5,0,0,Fungus,Epic,Shadow Steppe,0:10:0:30:0,40,0:1:0:3:0,0.769,TRUE,FALSE,FALSE,FALSE,FALSE,FALSE,FALSE,FALSE,TRUE,FALSE,FALSE,FALSE,TRUE,FALSE,FALSE,FALSE,FALSE,TRUE,FALSE,FALSE,FALSE
141,Pixiedust Diamond,0,4,4,0,0,14,0,0,0,0,0,Gem,Uncommon,Enchanted Forest,0:4:4:0:0,8,0:1:1:0:0,0.571,TRUE,FALSE,TRUE,FALSE,FALSE,FALSE,FALSE,FALSE,FALSE,FALSE,FALSE,TRUE,TRUE,FALSE,FALSE,FALSE,FALSE,FALSE,FALSE,TRUE,TRUE
142,Platinum Slime,42,42,42,42,0,178,0,0,0,0,0,Slime,Rare,Magical Wasteland,42:42:42:42:0,168,1:1:1:1:0,0.944,FALSE,FALSE,FALSE,FALSE,FALSE,FALSE,FALSE,FALSE,FALSE,FALSE,FALSE,FALSE,FALSE,FALSE,FALSE,FALSE,FALSE,FALSE,FALSE,FALSE,FALSE
143,Poison Quartz,64,48,0,32,0,185,0,0,0,0,-5,Gem,Rare,Sulfuric Falls,64:48:0:32:0,144,4:3:0:2:0,0.778,TRUE,FALSE,FALSE,FALSE,FALSE,FALSE,FALSE,FALSE,FALSE,FALSE,FALSE,FALSE,FALSE,FALSE,FALSE,FALSE,FALSE,TRUE,FALSE,FALSE,FALSE
144,Puckberry,18,0,0,0,0,16,0,0,0,0,0,Fruit,Common,Mushroom Mire,18:0:0:0:0,18,1:0:0:0:0,1.125,TRUE,TRUE,FALSE,TRUE,FALSE,FALSE,TRUE,TRUE,FALSE,FALSE,FALSE,TRUE,FALSE,TRUE,TRUE,FALSE,TRUE,TRUE,TRUE,FALSE,FALSE
145,Qilin's Tri-Horn,0,0,24,0,0,18,-5,0,0,0,0,Bone,Common,Mushroom Mire,0:0:24:0:0,24,0:0:1:0:0,1.333,TRUE,FALSE,TRUE,FALSE,TRUE,FALSE,TRUE,FALSE,FALSE,FALSE,TRUE,TRUE,TRUE,FALSE,FALSE,TRUE,TRUE,FALSE,TRUE,TRUE,TRUE
146,Raiju Droppings,0,0,30,10,0,55,0,0,0,0,0,Essences,Uncommon,Storm Plains,0:0:30:10:0,40,0:0:3:1:0,0.727,TRUE,FALSE,FALSE,FALSE,TRUE,FALSE,FALSE,FALSE,FALSE,FALSE,FALSE,FALSE,TRUE,FALSE,FALSE,TRUE,TRUE,FALSE,FALSE,FALSE,FALSE
147,Raven's Shadow,0,10,12,18,0,52,0,0,0,0,0,Essences,Rare,Mushroom Mire,0:10:12:18:0,40,0:5:6:9:0,0.769,TRUE,FALSE,FALSE,FALSE,FALSE,FALSE,FALSE,FALSE,FALSE,FALSE,FALSE,FALSE,TRUE,FALSE,FALSE,FALSE,FALSE,FALSE,FALSE,FALSE,FALSE
148,Reef Radish,0,30,0,0,0,32,-5,0,0,0,5,Plant,Rare,Ocean Coasts,0:30:0:0:0,30,0:1:0:0:0,0.938,TRUE,TRUE,TRUE,FALSE,FALSE,FALSE,FALSE,FALSE,TRUE,TRUE,FALSE,TRUE,TRUE,TRUE,FALSE,FALSE,FALSE,TRUE,FALSE,TRUE,TRUE
149,River Calamari,8,0,0,0,0,5,0,-5,0,0,0,Fish,Common,Enchanted Forest,8:0:0:0:0,8,1:0:0:0:0,1.600,TRUE,TRUE,FALSE,TRUE,FALSE,FALSE,TRUE,TRUE,FALSE,FALSE,FALSE,TRUE,FALSE,TRUE,TRUE,FALSE,TRUE,TRUE,TRUE,FALSE,FALSE
150,River-Pixie's Shell,4,4,0,0,0,11,0,0,0,0,0,Mineral,Uncommon,Enchanted Forest,4:4:0:0:0,8,1:1:0:0:0,0.727,TRUE,TRUE,FALSE,FALSE,FALSE,FALSE,FALSE,FALSE,FALSE,FALSE,FALSE,TRUE,FALSE,TRUE,FALSE,FALSE,FALSE,TRUE,FALSE,FALSE,FALSE
151,Rock Salt,24,0,0,0,8,68,5,0,0,5,0,Mineral,Uncommon,Ice Craggs,24:0:0:0:8,32,3:0:0:0:1,0.471,TRUE,FALSE,FALSE,TRUE,FALSE,FALSE,FALSE,FALSE,FALSE,FALSE,FALSE,FALSE,FALSE,TRUE,TRUE,FALSE,FALSE,FALSE,TRUE,FALSE,FALSE
152,Rotfly Adult,0,0,20,0,0,38,5,0,0,0,0,Bug,Uncommon,Ocean Coasts,0:0:20:0:0,20,0:0:1:0:0,0.526,TRUE,FALSE,TRUE,FALSE,TRUE,FALSE,TRUE,FALSE,FALSE,FALSE,TRUE,TRUE,TRUE,FALSE,FALSE,TRUE,TRUE,FALSE,TRUE,TRUE,TRUE
153,Rotfly Cocoon,0,0,12,0,0,25,5,0,0,0,0,Bug,Uncommon,Bone Wastes,0:0:12:0:0,12,0:0:1:0:0,0.480,TRUE,FALSE,TRUE,FALSE,TRUE,FALSE,TRUE,FALSE,FALSE,FALSE,TRUE,TRUE,TRUE,FALSE,FALSE,TRUE,TRUE,FALSE,TRUE,TRUE,TRUE
154,Rotfly Larva,0,0,4,0,0,10,5,0,0,0,0,Bug,Common,Enchanted Forest,0:0:4:0:0,4,0:0:1:0:0,0.400,TRUE,FALSE,TRUE,FALSE,TRUE,FALSE,TRUE,FALSE,FALSE,FALSE,TRUE,TRUE,TRUE,FALSE,FALSE,TRUE,TRUE,FALSE,TRUE,TRUE,TRUE
155,Rotfly Matriarch,0,0,32,0,0,65,5,0,0,0,0,Bug,Common,Sulfuric Falls,0:0:32:0:0,32,0:0:1:0:0,0.492,TRUE,FALSE,TRUE,FALSE,TRUE,FALSE,TRUE,FALSE,FALSE,FALSE,TRUE,TRUE,TRUE,FALSE,FALSE,TRUE,TRUE,FALSE,TRUE,TRUE,TRUE
156,Rotfly Mutant,0,0,44,0,0,74,5,0,0,0,0,Bug,Common,Crater,0:0:44:0:0,44,0:0:1:0:0,0.595,TRUE,FALSE,TRUE,FALSE,TRUE,FALSE,TRUE,FALSE,FALSE,FALSE,TRUE,TRUE,TRUE,FALSE,FALSE,TRUE,TRUE,FALSE,TRUE,TRUE,TRUE
157,Rottermelon,0,0,0,64,0,68,0,0,0,-5,0,Fruit,Common,Sulfuric Falls,0:0:0:64:0,64,0:0:0:1:0,0.941,TRUE,FALSE,FALSE,FALSE,TRUE,TRUE,FALSE,TRUE,TRUE,FALSE,FALSE,FALSE,TRUE,FALSE,TRUE,TRUE,TRUE,TRUE,FALSE,FALSE,FALSE
158,Sack of Composite Slime,0,0,30,0,0,36,0,0,0,0,0,Slime,Common,Shadow Steppe,0:0:30:0:0,30,0:0:1:0:0,0.833,TRUE,FALSE,TRUE,FALSE,TRUE,FALSE,TRUE,FALSE,FALSE,FALSE,TRUE,TRUE,TRUE,FALSE,FALSE,TRUE,TRUE,FALSE,TRUE,TRUE,TRUE
159,Sack of Hive Slime,0,0,18,0,0,21,0,0,0,0,0,Slime,Common,Mushroom Mire,0:0:18:0:0,18,0:0:1:0:0,0.857,TRUE,FALSE,TRUE,FALSE,TRUE,FALSE,TRUE,FALSE,FALSE,FALSE,TRUE,TRUE,TRUE,FALSE,FALSE,TRUE,TRUE,FALSE,TRUE,TRUE,TRUE
160,Sack of Slime,0,0,6,0,0,7,0,0,0,0,0,Slime,Common,Enchanted Forest,0:0:6:0:0,6,0:0:1:0:0,0.857,TRUE,FALSE,TRUE,FALSE,TRUE,FALSE,TRUE,FALSE,FALSE,FALSE,TRUE,TRUE,TRUE,FALSE,FALSE,TRUE,TRUE,FALSE,TRUE,TRUE,TRUE
161,Salamander's Fiery Tongue,0,24,0,0,0,22,0,0,-5,0,0,Flesh,Common,Bone Wastes,0:24:0:0:0,24,0:1:0:0:0,1.091,TRUE,TRUE,TRUE,FALSE,FALSE,FALSE,FALSE,FALSE,TRUE,TRUE,FALSE,TRUE,TRUE,TRUE,FALSE,FALSE,FALSE,TRUE,FALSE,TRUE,TRUE
162,Saltwatermelon,0,0,0,40,0,44,0,0,0,-5,0,Fruit,Uncommon,Ocean Coasts,0:0:0:40:0,40,0:0:0:1:0,0.909,TRUE,FALSE,FALSE,FALSE,TRUE,TRUE,FALSE,TRUE,TRUE,FALSE,FALSE,FALSE,TRUE,FALSE,TRUE,TRUE,TRUE,TRUE,FALSE,FALSE,FALSE
163,Scimitar Crab's Shell,32,32,0,0,0,76,0,0,0,0,0,Mineral,Common,Sulfuric Falls,32:32:0:0:0,64,1:1:0:0:0,0.842,TRUE,TRUE,FALSE,FALSE,FALSE,FALSE,FALSE,FALSE,FALSE,FALSE,FALSE,TRUE,FALSE,TRUE,FALSE,FALSE,FALSE,TRUE,FALSE,FALSE,FALSE
164,Sea Salt,30,0,0,0,10,55,0,0,0,0,0,Mineral,Uncommon,Ocean Coasts,30:0:0:0:10,40,3:0:0:0:1,0.727,TRUE,FALSE,FALSE,TRUE,FALSE,FALSE,FALSE,FALSE,FALSE,FALSE,FALSE,FALSE,FALSE,TRUE,TRUE,FALSE,FALSE,FALSE,TRUE,FALSE,FALSE
165,Selkie Lice,10,20,0,0,0,50,0,5,0,0,0,Bug,Rare,Ocean Coasts,10:20:0:0:0,30,1:2:0:0:0,0.600,TRUE,TRUE,FALSE,FALSE,FALSE,FALSE,FALSE,FALSE,FALSE,FALSE,FALSE,TRUE,FALSE,TRUE,FALSE,FALSE,FALSE,TRUE,FALSE,FALSE,FALSE
166,Sepulcher Widow,0,0,0,0,48,82,0,0,0,5,-5,Bug,Uncommon,Ice Craggs,0:0:0:0:48,48,0:0:0:0:1,0.585,TRUE,FALSE,FALSE,TRUE,FALSE,TRUE,FALSE,FALSE,FALSE,TRUE,TRUE,FALSE,FALSE,TRUE,TRUE,TRUE,FALSE,FALSE,TRUE,TRUE,TRUE
167,Sequined Custard,0,0,32,0,16,84,0,0,0,5,0,Slime,Uncommon,Crystalline Forest,0:0:32:0:16,48,0:0:2:0:1,0.571,TRUE,FALSE,FALSE,FALSE,FALSE,FALSE,FALSE,FALSE,FALSE,FALSE,TRUE,FALSE,FALSE,FALSE,FALSE,TRUE,FALSE,FALSE,TRUE,TRUE,TRUE
168,Serpent's Slippery Tongue,0,8,0,0,0,6,0,0,-5,0,0,Flesh,Common,Enchanted Forest,0:8:0:0:0,8,0:1:0:0:0,1.333,TRUE,TRUE,TRUE,FALSE,FALSE,FALSE,FALSE,FALSE,TRUE,TRUE,FALSE,TRUE,TRUE,TRUE,FALSE,FALSE,FALSE,TRUE,FALSE,TRUE,TRUE
169,Shadowveil Pearl,0,0,0,20,0,38,0,0,0,5,0,Gem,Uncommon,Shadow Steppe,0:0:0:20:0,20,0:0:0:1:0,0.526,TRUE,FALSE,FALSE,FALSE,TRUE,TRUE,FALSE,TRUE,TRUE,FALSE,FALSE,FALSE,TRUE,FALSE,TRUE,TRUE,TRUE,TRUE,FALSE,FALSE,FALSE
170,Shallow Grave Enoki,32,64,64,32,0,200,0,-5,-5,0,0,Fungus,Rare,Crystalline Forest,32:64:64:32:0,192,1:2:2:1:0,0.960,FALSE,FALSE,FALSE,FALSE,FALSE,FALSE,FALSE,FALSE,FALSE,FALSE,FALSE,FALSE,FALSE,FALSE,FALSE,FALSE,FALSE,FALSE,FALSE,FALSE,FALSE
171,Shelled Pudding,32,0,0,32,0,90,0,0,0,0,0,Slime,Common,Sulfuric Falls,32:0:0:32:0,64,1:0:0:1:0,0.711,TRUE,FALSE,FALSE,FALSE,FALSE,FALSE,FALSE,TRUE,FALSE,FALSE,FALSE,FALSE,FALSE,FALSE,TRUE,FALSE,TRUE,TRUE,FALSE,FALSE,FALSE
172,Silver Dollop,24,24,24,24,0,138,0,0,0,0,0,Slime,Epic,Crystalline Forest,24:24:24:24:0,96,1:1:1:1:0,0.696,FALSE,FALSE,FALSE,FALSE,FALSE,FALSE,FALSE,FALSE,FALSE,FALSE,FALSE,FALSE,FALSE,FALSE,FALSE,FALSE,FALSE,FALSE,FALSE,FALSE,FALSE
173,Silver Stag Antler,0,0,64,0,0,72,-5,0,0,0,0,Bone,Common,Ice Craggs,0:0:64:0:0,64,0:0:1:0:0,0.889,TRUE,FALSE,TRUE,FALSE,TRUE,FALSE,TRUE,FALSE,FALSE,FALSE,TRUE,TRUE,TRUE,FALSE,FALSE,TRUE,TRUE,FALSE,TRUE,TRUE,TRUE
174,Sinfandel,80,0,80,80,40,362,-5,0,0,0,0,Fruit,Rare,Magical Wasteland,80:0:80:80:40,280,2:0:2:2:1,0.773,FALSE,FALSE,FALSE,FALSE,FALSE,FALSE,FALSE,FALSE,FALSE,FALSE,FALSE,FALSE,FALSE,FALSE,FALSE,FALSE,FALSE,FALSE,FALSE,FALSE,FALSE
175,Slapping Turtle's Shell,20,20,0,0,0,46,0,0,0,0,0,Mineral,Common,Storm Plains,20:20:0:0:0,40,1:1:0:0:0,0.870,TRUE,TRUE,FALSE,FALSE,FALSE,FALSE,FALSE,FALSE,FALSE,FALSE,FALSE,TRUE,FALSE,TRUE,FALSE,FALSE,FALSE,TRUE,FALSE,FALSE,FALSE
176,Slaughtermelon,0,0,0,76,0,105,0,0,0,-5,0,Fruit,Common,Crater,0:0:0:76:0,76,0:0:0:1:0,0.724,TRUE,FALSE,FALSE,FALSE,TRUE,TRUE,FALSE,TRUE,TRUE,FALSE,FALSE,FALSE,TRUE,FALSE,TRUE,TRUE,TRUE,TRUE,FALSE,FALSE,FALSE
177,Snowflake Spore,0,66,0,22,0,105,-5,0,5,0,0,Fungus,Common,Arctic,0:66:0:22:0,88,0:3:0:1:0,0.838,TRUE,FALSE,FALSE,FALSE,FALSE,FALSE,FALSE,FALSE,TRUE,FALSE,FALSE,FALSE,TRUE,FALSE,FALSE,FALSE,FALSE,TRUE,FALSE,FALSE,FALSE
178,Sorcerite,70,70,0,28,0,232,-5,0,0,5,0,Mineral,Rare,Magical Wasteland,70:70:0:28:0,168,5:5:0:2:0,0.724,TRUE,FALSE,FALSE,FALSE,FALSE,FALSE,FALSE,FALSE,FALSE,FALSE,FALSE,FALSE,FALSE,FALSE,FALSE,FALSE,FALSE,TRUE,FALSE,FALSE,FALSE
179,Space Nautilus's Shell,44,44,0,0,0,102,0,0,0,0,0,Mineral,Common,Crater,44:44:0:0:0,88,1:1:0:0:0,0.863,TRUE,TRUE,FALSE,FALSE,FALSE,FALSE,FALSE,FALSE,FALSE,FALSE,FALSE,TRUE,FALSE,TRUE,FALSE,FALSE,FALSE,TRUE,FALSE,FALSE,FALSE
180,Spark of Mana,33,33,33,33,33,215,0,0,0,0,0,Pure Mana,Epic,Crater,33:33:33:33:33,165,1:1:1:1:1,0.767,FALSE,FALSE,FALSE,FALSE,FALSE,FALSE,FALSE,FALSE,FALSE,FALSE,FALSE,FALSE,FALSE,FALSE,FALSE,FALSE,FALSE,FALSE,FALSE,FALSE,FALSE
181,Sphinx Flea,12,6,0,0,0,35,0,5,0,0,0,Bug,Rare,Bone Wastes,12:6:0:0:0,18,2:1:0:0:0,0.514,TRUE,TRUE,FALSE,FALSE,FALSE,FALSE,FALSE,FALSE,FALSE,FALSE,FALSE,TRUE,FALSE,TRUE,FALSE,FALSE,FALSE,TRUE,FALSE,FALSE,FALSE
182,Spider's-Bait Diamond,0,20,20,0,0,50,0,0,0,0,0,Gem,Uncommon,Shadow Steppe,0:20:20:0:0,40,0:1:1:0:0,0.800,TRUE,FALSE,TRUE,FALSE,FALSE,FALSE,FALSE,FALSE,FALSE,FALSE,FALSE,TRUE,TRUE,FALSE,FALSE,FALSE,FALSE,FALSE,FALSE,TRUE,TRUE
183,Spriggan Antler,0,0,40,0,0,38,-5,0,0,0,0,Bone,Uncommon,Storm Plains,0:0:40:0:0,40,0:0:1:0:0,1.053,TRUE,FALSE,TRUE,FALSE,TRUE,FALSE,TRUE,FALSE,FALSE,FALSE,TRUE,TRUE,TRUE,FALSE,FALSE,TRUE,TRUE,FALSE,TRUE,TRUE,TRUE
184,Squid Vine,20,20,15,0,15,135,0,0,0,0,0,Plant,Rare,Ocean Coasts,20:20:15:0:15,70,4:4:3:0:3,0.519,FALSE,FALSE,FALSE,FALSE,FALSE,FALSE,FALSE,FALSE,FALSE,FALSE,FALSE,FALSE,FALSE,FALSE,FALSE,FALSE,FALSE,FALSE,FALSE,FALSE,FALSE
185,Stalking Mold,22,0,0,0,66,123,0,0,0,0,0,Fungus,Uncommon,Crater,22:0:0:0:66,88,1:0:0:0:3,0.715,TRUE,FALSE,FALSE,TRUE,FALSE,FALSE,FALSE,FALSE,FALSE,FALSE,FALSE,FALSE,FALSE,TRUE,TRUE,FALSE,FALSE,FALSE,TRUE,FALSE,FALSE
186,Stalking Skeleton's Fibula,0,0,40,40,16,150,0,0,0,0,0,Bone,Uncommon,Ice Craggs,0:0:40:40:16,96,0:0:5:5:2,0.640,TRUE,FALSE,FALSE,FALSE,FALSE,FALSE,FALSE,FALSE,FALSE,FALSE,FALSE,FALSE,FALSE,FALSE,FALSE,TRUE,FALSE,FALSE,FALSE,FALSE,FALSE
187,Static Spiderling,0,0,0,0,30,50,0,0,0,-5,5,Bug,Rare,Storm Plains,0:0:0:0:30,30,0:0:0:0:1,0.600,TRUE,FALSE,FALSE,TRUE,FALSE,TRUE,FALSE,FALSE,FALSE,TRUE,TRUE,FALSE,FALSE,TRUE,TRUE,TRUE,FALSE,FALSE,TRUE,TRUE,TRUE
188,Supernalite,48,32,0,16,0,134,-5,0,0,5,0,Mineral,Rare,Ice Craggs,48:32:0:16:0,96,3:2:0:1:0,0.716,TRUE,FALSE,FALSE,FALSE,FALSE,FALSE,FALSE,FALSE,FALSE,FALSE,FALSE,FALSE,FALSE,FALSE,FALSE,FALSE,FALSE,TRUE,FALSE,FALSE,FALSE
189,Swamp Fish,12,0,0,6,0,22,0,0,0,0,0,Fish,Common,Mushroom Mire,12:0:0:6:0,18,2:0:0:1:0,0.818,TRUE,FALSE,FALSE,FALSE,FALSE,FALSE,FALSE,TRUE,FALSE,FALSE,FALSE,FALSE,FALSE,FALSE,TRUE,FALSE,TRUE,TRUE,FALSE,FALSE,FALSE
190,Swamp Octopus,24,0,0,0,0,18,0,-5,0,0,0,Fish,Common,Mushroom Mire,24:0:0:0:0,24,1:0:0:0:0,1.333,TRUE,TRUE,FALSE,TRUE,FALSE,FALSE,TRUE,TRUE,FALSE,FALSE,FALSE,TRUE,FALSE,TRUE,TRUE,FALSE,TRUE,TRUE,TRUE,FALSE,FALSE
191,Thunder Quartz,30,10,20,0,0,72,0,0,0,0,0,Gem,Uncommon,Storm Plains,30:10:20:0:0,60,3:1:2:0:0,0.833,TRUE,FALSE,FALSE,FALSE,FALSE,FALSE,FALSE,FALSE,FALSE,FALSE,FALSE,TRUE,FALSE,FALSE,FALSE,FALSE,FALSE,FALSE,FALSE,FALSE,FALSE
192,Thunderbird's Molted Feather,0,0,30,0,10,60,0,0,0,0,0,Flesh,Rare,Storm Plains,0:0:30:0:10,40,0:0:3:0:1,0.667,TRUE,FALSE,FALSE,FALSE,FALSE,FALSE,FALSE,FALSE,FALSE,FALSE,TRUE,FALSE,FALSE,FALSE,FALSE,TRUE,FALSE,FALSE,TRUE,TRUE,TRUE
193,Trollstool Mushroom,0,12,0,0,0,20,0,5,0,0,0,Fungus,Common,Mushroom Mire,0:12:0:0:0,12,0:1:0:0:0,0.600,TRUE,TRUE,TRUE,FALSE,FALSE,FALSE,FALSE,FALSE,TRUE,TRUE,FALSE,TRUE,TRUE,TRUE,FALSE,FALSE,FALSE,TRUE,FALSE,TRUE,TRUE
194,Underworld Pomegranate,28,28,28,140,0,332,5,0,0,-5,0,Fruit,Epic,Magical Wasteland,28:28:28:140:0,224,1:1:1:5:0,0.675,FALSE,FALSE,FALSE,FALSE,FALSE,FALSE,FALSE,FALSE,FALSE,FALSE,FALSE,FALSE,FALSE,FALSE,FALSE,FALSE,FALSE,FALSE,FALSE,FALSE,FALSE
195,Unicorn Horn,0,0,8,0,0,6,-5,0,0,0,0,Bone,Common,Enchanted Forest,0:0:8:0:0,8,0:0:1:0:0,1.333,TRUE,FALSE,TRUE,FALSE,TRUE,FALSE,TRUE,FALSE,FALSE,FALSE,TRUE,TRUE,TRUE,FALSE,FALSE,TRUE,TRUE,FALSE,TRUE,TRUE,TRUE
196,Venous Witch-Trap,28,0,70,0,70,214,0,0,0,0,0,Plant,Uncommon,Magical Wasteland,28:0:70:0:70,168,2:0:5:0:5,0.785,TRUE,FALSE,FALSE,FALSE,FALSE,FALSE,FALSE,FALSE,FALSE,FALSE,FALSE,FALSE,FALSE,FALSE,FALSE,FALSE,FALSE,FALSE,TRUE,FALSE,FALSE
197,Warg Pheromones,12,0,12,0,0,26,0,0,0,0,0,Essences,Uncommon,Mushroom Mire,12:0:12:0:0,24,1:0:1:0:0,0.923,TRUE,FALSE,FALSE,FALSE,FALSE,FALSE,TRUE,FALSE,FALSE,FALSE,FALSE,TRUE,FALSE,FALSE,FALSE,FALSE,TRUE,FALSE,TRUE,FALSE,FALSE
198,Watchdog Daisy,0,16,0,48,0,83,0,0,0,0,0,Flower,Common,Ice Craggs,0:16:0:48:0,64,0:1:0:3:0,0.771,TRUE,FALSE,FALSE,FALSE,FALSE,FALSE,FALSE,FALSE,TRUE,FALSE,FALSE,FALSE,TRUE,FALSE,FALSE,FALSE,FALSE,TRUE,FALSE,FALSE,FALSE
199,Weeping Metal Ore,0,32,64,0,0,66,0,-5,0,0,0,Ores,Common,Sulfuric Falls,0:32:64:0:0,96,0:1:2:0:0,1.455,TRUE,FALSE,TRUE,FALSE,FALSE,FALSE,FALSE,FALSE,FALSE,FALSE,FALSE,TRUE,TRUE,FALSE,FALSE,FALSE,FALSE,FALSE,FALSE,TRUE,TRUE
200,Yeti Antler,0,0,88,0,0,104,-5,0,0,0,0,Bone,Common,Arctic,0:0:88:0:0,88,0:0:1:0:0,0.846,TRUE,FALSE,TRUE,FALSE,TRUE,FALSE,TRUE,FALSE,FALSE,FALSE,TRUE,TRUE,TRUE,FALSE,FALSE,TRUE,TRUE,FALSE,TRUE,TRUE,TRUE
201,Widowmaker Pepper,0,44,0,44,0,126,0,0,0,0,0,Plant,Common,Dragon Oasis,0:44:0:44:0,88,0:1:0:1:0,0.698,TRUE,FALSE,FALSE,FALSE,FALSE,FALSE,FALSE,FALSE,TRUE,FALSE,FALSE,FALSE,TRUE,FALSE,FALSE,FALSE,FALSE,TRUE,FALSE,FALSE,FALSE
202,Winged Gelatin,0,0,0,66,0,103,0,5,-5,0,0,Slime,Uncommon,Arctic,0:0:0:66:0,66,0:0:0:1:0,0.641,TRUE,FALSE,FALSE,FALSE,TRUE,TRUE,FALSE,TRUE,TRUE,FALSE,FALSE,FALSE,TRUE,FALSE,TRUE,TRUE,TRUE,TRUE,FALSE,FALSE,FALSE
203,Witchbramble Vine,42,42,42,0,42,210,0,0,0,0,0,Plant,Rare,Magical Wasteland,42:42:42:0:42,168,1:1:1:0:1,0.800,FALSE,FALSE,FALSE,FALSE,FALSE,FALSE,FALSE,FALSE,FALSE,FALSE,FALSE,FALSE,FALSE,FALSE,FALSE,FALSE,FALSE,FALSE,FALSE,FALSE,FALSE
204,Wraith Orchid,0,0,0,12,0,19,0,0,0,0,0,Flower,Common,Mushroom Mire,0:0:0:12:0,12,0:0:0:1:0,0.632,TRUE,FALSE,FALSE,FALSE,TRUE,TRUE,FALSE,TRUE,TRUE,FALSE,FALSE,FALSE,TRUE,FALSE,TRUE,TRUE,TRUE,TRUE,FALSE,FALSE,FALSE
205,Xeno Noir,66,0,66,33,33,236,-5,0,0,0,0,Fruit,Rare,Crater,66:0:66:33:33,198,2:0:2:1:1,0.839,FALSE,FALSE,FALSE,FALSE,FALSE,FALSE,FALSE,FALSE,FALSE,FALSE,FALSE,FALSE,FALSE,FALSE,FALSE,FALSE,FALSE,FALSE,FALSE,FALSE,FALSE
206,Xenoplasm,0,55,55,22,0,166,0,0,0,-5,5,Essences,Rare,Crater,0:55:55:22:0,132,0:5:5:2:0,0.795,TRUE,FALSE,FALSE,FALSE,FALSE,FALSE,FALSE,FALSE,FALSE,FALSE,FALSE,FALSE,TRUE,FALSE,FALSE,FALSE,FALSE,FALSE,FALSE,FALSE,FALSE